<?xml version="1.0" encoding="UTF-8" ?>
<!--
  #%L
  schema2proto-lib
  %%
  Copyright (C) 2019 Entur
  %%
  Licensed under the EUPL, Version 1.1 or – as soon they will be
  approved by the European Commission - subsequent versions of the
  EUPL (the "Licence");
  
  You may not use this work except in compliance with the Licence.
  You may obtain a copy of the Licence at:
  
  http://ec.europa.eu/idabc/eupl5
  
  Unless required by applicable law or agreed to in writing, software
  distributed under the Licence is distributed on an "AS IS" basis,
  WITHOUT WARRANTIES OR CONDITIONS OF ANY KIND, either express or implied.
  See the Licence for the specific language governing permissions and
  limitations under the Licence.
  #L%
  -->

<!DOCTYPE log4j:configuration SYSTEM "log4j.dtd">
<log4j:configuration debug="false"
                     xmlns:log4j='http://jakarta.apache.org/log4j/'>

    <appender name="console" class="org.apache.log4j.ConsoleAppender">
        <layout class="org.apache.log4j.PatternLayout">
            <param name="ConversionPattern"
                   value="%-5p %c{1}:%L - %m%n"/>
        </layout>
    </appender>

    <appender name="filecontentconsole" class="org.apache.log4j.ConsoleAppender">
        <layout class="org.apache.log4j.PatternLayout">
            <param name="ConversionPattern"
                   value="%m%n"/>
        </layout>

    </appender>

    <logger name="FILECONTENT" additivity="false">
        <level value="debug"/>
        <appender-ref ref="filecontentconsole"/>
    </logger>

    <root>
        <level value="INFO"/>
        <appender-ref ref="console"/>
    </root>


</log4j:configuration>
